X,Y,OBJECTID,STNCODE,STNNAME,CITY2,STATE,STFIPS,urban
-73.9944589999662,40.7503269998931,1,NYP,"New York (Penn Station), New York",New York,NY,36,YES
-77.0064220004317,38.8969930001697,2,WAS,"Washington, District of Columbia",Washington,DC,11,YES
-75.1810409997465,39.9556150000125,3,PHL,"Philadelphia (30th St), Pennsylvania",Philadelphia,PA,42,YES
-87.6394430003043,41.8786840000346,4,CHI,"Chicago (Union Station), Illinois",Chicago,IL,17,YES
-71.0553039996294,42.3523110001276,5,BOS,"Boston (South Station), Massachusetts",Boston,MA,25,YES
-118.236778000024,34.0561769998625,6,LAX,"Los Angeles, California",Los Angeles,CA,06,YES
-121.500703999962,38.5840040000675,7,SAC,"Sacramento, California",Sacramento,CA,06,YES
-76.6156879996737,39.3073020001803,8,BAL,"Baltimore (Penn Station), Maryland",Baltimore,MD,24,YES
-73.7411470004318,42.6410289996868,9,ALB,"Albany/Rensselaer, New York",Albany-Rensselaer,NY,36,YES
-71.4134779996708,41.829490000162,10,PVD,"Providence, Rhode Island",Providence,RI,44,YES
-117.169576000146,32.7161689997475,11,SAN,"San Diego (Downtown), California",San Diego,CA,06,YES
-75.5510950002314,39.7372629998967,12,WIL,"Wilmington, Delaware",Wilmington,DE,10,YES
-76.6942999995817,39.1923619998656,13,BWI,"BWI Rail Station at Thurgood Marshall Airport, Mar",BWI Marshall Airport,MD,24,YES
-74.1647499999063,40.7347059999515,14,NWK,"Newark (Penn Station), New Jersey",Newark,NJ,34,YES
-122.330161000187,47.5984450002457,15,SEA,"Seattle (Amtrak), Washington",Seattle,WA,53,YES
-72.9266699995589,41.2977139998218,16,NHV,"New Haven, Connecticut",New Haven,CT,09,YES
-71.0758280002668,42.3473170002121,17,BBY,"Boston (Back Bay), Massachusetts",Boston,MA,25,YES
-87.9171040000065,43.0345179998474,18,MKE,"Milwaukee, Wisconsin",Milwaukee,WI,55,YES
-122.676806000313,45.5287240003037,19,PDX,"Portland, Oregon",Portland,OR,41,YES
-122.291615000116,37.8404739999696,20,EMY,"Emeryville, California",Emeryville,CA,06,YES
-76.3077140001909,40.0541809999057,21,LNC,"Lancaster, Pennsylvania",Lancaster,PA,42,YES
-76.8782560000456,40.2620500001456,22,HAR,"Harrisburg, Pennsylvania",Harrisburg,PA,42,YES
-119.00820999983,35.3721399998409,23,BFD,"Bakersfield, California",Bakersfield,CA,06,YES
-71.1478940000557,42.2102419999597,24,RTE,"Westwood, Route 128 Station, Massachusetts",Route 128,MA,25,YES
-74.7544399996737,40.2190110000232,25,TRE,"Trenton, New Jersey",Trenton,NJ,34,YES
-71.0611219996524,42.3662349998855,26,BON,"Boston (North Station), Massachusetts",Boston,MA,25,YES
-73.5421599996636,41.0471300002673,27,STM,"Stamford, Connecticut",Stamford,CT,09,YES
-117.271134999558,32.9929370000285,28,SOL,"Solana Beach, California",Solana Beach,CA,06,YES
-121.737707000173,38.5435620001606,29,DAV,"Davis, California",Davis,CA,06,YES
-74.3295829996733,40.5680559997265,30,MET,"Metropark (Iselin), New Jersey",Metropark,NJ,34,YES
-119.782925999565,36.7384569999896,31,FNO,"Fresno, California",Fresno,CA,06,YES
-122.138784000093,38.0189209999301,32,MTZ,"Martinez, California",Martinez,CA,06,YES
-117.733694999905,33.6567710001309,33,IRV,"Irvine, California",Irvine,CA,06,YES
-77.4969430000418,37.6176929998596,34,RVR,"Richmond (Staples Mill Rd), Virginia",Richmond,VA,51,YES
-122.271667000137,37.7938659999275,35,OKJ,"Oakland, California",Oakland - Jack London Square,CA,06,YES
-119.692784999742,34.413718000272,36,SBA,"Santa Barbara, California",Santa Barbara,CA,06,YES
-90.2038380003688,38.6244609997362,37,STL,"St. Louis, Missouri",St. Louis,MO,29,YES
-117.379429999958,33.1925150002797,38,OSD,"Oceanside, California",Oceanside,CA,06,YES
-117.922849000251,33.8689690002625,39,FUL,"Fullerton, California",Fullerton,CA,06,YES
-121.285632000176,37.9454680001258,40,SKN,"Stockton (711-718), California",Stockton,CA,06,YES
-122.354130000413,37.936751999965,41,RIC,"Richmond, California",Richmond,CA,06,YES
-117.200073000049,32.7552660002564,42,OLT,"San Diego (Old Town), California",San Diego - Old Town,CA,06,YES
-117.877307999624,33.8038030002316,43,ANA,"Anaheim, California",Anaheim,CA,06,YES
-77.2209419998481,38.7081430001705,44,LOR,"Lorton (Auto Train), Virginia",Lorton,VA,51,YES
-81.291273999852,28.8085440002085,45,SFA,"Sanford (Auto Train), Florida",Sanford,FL,12,YES
-88.9843059998847,40.5090100002628,46,BNL,"Bloomington-Normal, Illinois",Bloomington-Normal,IL,17,YES
-121.902387999604,37.3299330001836,47,SJC,"San Jose, California",San Jose,CA,06,YES
-117.663813000405,33.5013179996863,48,SNC,"San Juan Capistrano, California",San Juan Capistrano,CA,06,YES
-73.7977290001797,42.2538910000798,49,HUD,"Hudson, New York",Hudson,NY,36,
-73.9512780002532,41.9213460002133,50,RHI,"Rhinecliff, New York",Rhinecliff,NY,36,
-75.4837600003443,40.0427539999306,51,PAO,"Paoli, Pennsylvania",Paoli,PA,42,YES
-119.651815999906,36.3260779996663,52,HNF,"Hanford, California",Hanford,CA,06,YES
-77.0623299996118,38.8065030003071,53,ALX,"Alexandria, Virginia",Alexandria,VA,51,YES
-90.078290999566,29.9460849999459,54,NOL,Union Passenger Terminal,New Orleans,LA,22,YES
-80.822811999816,35.2414030001239,55,CLT,"Charlotte, North Carolina",Charlotte,NC,37,YES
-76.8714940000163,38.9480980002129,56,NCR,"New Carrollton, Maryland",New Carrollton,MD,24,YES
-122.041098999717,38.2434009999632,57,SUI,"Suisun, California",Suisun-Fairfield,CA,06,YES
-70.2912580001921,43.6540970001536,58,POR,"Portland, Maine",Portland,ME,23,YES
-89.6513840000698,39.802323000024,59,SPI,"Springfield, Illinois",Springfield,IL,17,YES
-71.5605969999761,41.4839590000338,60,KIN,"West Kingston, Rhode Island",Kingston,RI,44,
-88.2413659997944,40.1158430001395,61,CHM,"Champaign-Urbana, Illlinois",Champaign-Urbana,IL,17,YES
-87.9243589999553,42.940582999739,62,MKA,"Milwaukee (General Mitchell Intl Airport), Wiscons",Milwaukee Mitchell Airport,WI,55,YES
-72.0932249995967,41.3542670001147,63,NLC,"New London, Connecticut",New London,CT,09,YES
-78.6458940003434,35.7749230000692,64,RGH,"Raleigh, North Carolina",Raleigh,NC,37,YES
-121.967002999626,37.4067779999306,65,GAC,"Santa Clara (Great America), California",Santa Clara- Great American,CA,06,YES
-94.5851290000351,39.0845760003357,66,KCY,"Kansas City, Missouri",Kansas City,MO,29,YES
-122.300707000024,37.8672539998717,67,BKY,"Berkeley, California",Berkeley,CA,06,YES
-117.856607000333,33.7516290000103,68,SNA,"Santa Ana, California",Santa Ana,CA,06,YES
-79.9923069998274,40.4447380001167,69,PGH,"Pittsburgh, Pennsylvania",Pittsburgh,PA,42,YES
-74.1822900001891,40.6966179998749,70,EWR,"Newark Liberty International Airport, New Jersey",Newark Liberty Airport,NJ,34,YES
-72.6813140003052,41.7687609997061,71,HFD,"Hartford, Connecticut",Hartford,CT,09,YES
-104.999928999911,39.7529590001022,72,DEN,"Denver, Colorado",Denver,CO,08,YES
-78.4916840001209,38.0314840002712,73,CVS,"Charlottesville, Virginia",Charlottesville,VA,51,YES
-81.3815159999583,28.5259260001186,74,ORL,"Orlando, Florida",Orlando,FL,12,YES
-75.6217130002239,40.0192910002022,75,EXT,"Exton, Pennsylvania",Exton,PA,42,YES
-83.7431539999758,42.287691999915,76,ARB,"Ann Arbor, Michigan",Ann Arbor,MI,26,YES
-76.1692440001023,43.0765480003209,77,SYR,"Syracuse, New York",Syracuse,NY,36,YES
-77.6080570000418,43.1634109997651,78,ROC,"Rochester, New York",Rochester,NY,36,YES
-120.476805,37.3071830002392,79,MCD,"Merced, California",Merced,CA,06,YES
-122.4205089997,47.2418939998933,80,TAC,"Tacoma, Washington",Tacoma,WA,53,YES
-120.912913000077,37.6689509999701,81,MOD,"Modesto, California",Modesto,CA,06,YES
-79.7870800001601,36.0697970003065,82,GRO,"Greensboro, North Carolina",Greensboro,NC,37,YES
-85.5840179999788,42.2952550003258,83,KAL,"Kalamazoo, Michigan",Kalamazoo,MI,26,YES
-120.654700999689,35.2764339999612,84,SLO,"San Luis Obispo, California",San Luis Obispo,CA,06,YES
-78.7265840002347,42.90701700027,85,BUF,"Buffalo (Depew), New York",Buffalo-Depew,NY,36,YES
-76.4519699996171,37.0227310000225,86,NPN,"Newport News, Virginia",Newport News,VA,51,YES
-82.4507769995531,27.9524920003624,87,TPA,"Tampa, Florida",Tampa,FL,12,YES
-76.6122339998642,40.1470279998141,88,ELT,"Elizabethtown, Pennsylvania",Elizabethtown,PA,42,YES
-97.3266730003283,32.7525630003499,89,FTW,"Fort Worth, Texas",Fort Worth,TX,48,YES
-73.9374899997057,41.7070560000014,90,POU,"Poughkeepsie, New York",Poughkeepsie,NY,36,YES
-89.216628000423,37.7242349997531,91,CDL,"Carbondale, Illinois",Carbondale,IL,17,YES
-90.3641059999156,40.9446780000142,92,GBB,"Galesburg, Illinois",Galesburg,IL,17,
-122.6865440003,45.6289009998437,93,VAN,"Vancouver, Washington, United States",Vancouver,WA,53,YES
-93.0853549999003,44.9476609998021,94,MSP,"St. Paul/Minneapolis, Minnesota",St. Paul-Minneapolis,MN,27,YES
-72.5929049999597,42.1059869998214,95,SPG,"Springfield, Massachusetts",Springfield,MA,25,YES
-123.092361000343,44.0550430001984,96,EUG,"Eugene, Oregon",Eugene,OR,41,YES
-73.7843289999698,40.9114509996941,97,NRO,"New Rochelle, New York",New Rochelle,NY,36,YES
-78.7822460002658,35.7882940002429,98,CYN,"Cary, North Carolina",Cary,NC,37,YES
-119.175978000446,34.1992410002722,99,OXN,"Oxnard, California",Oxnard,CA,06,YES
-73.1875390000642,41.1780059997923,100,BRP,"Bridgeport, Connecticut",Bridgeport,CT,09,YES
-79.1569339996697,37.4064389997794,101,LYH,"Lynchburg, Virginia",Lynchburg,VA,51,YES
-70.9587000004252,42.9810200001499,102,EXR,"Exeter, New Hampshire",Exeter,NH,33,YES
-84.3924769997929,33.799445000328,103,ATL,"Atlanta, Georgia",Atlanta,GA,13,YES
-75.7107750003224,40.0021929999704,104,DOW,"Downingtown, Pennsylvania",Downingtown,PA,42,YES
-87.9062999998136,42.7182920000525,105,SVT,"Sturtevant, Wisconsin",Sturtevant,WI,55,YES
-119.843091999718,34.4377290003119,106,GTA,"Goleta, California",Goleta,CA,06,YES
-106.647974999697,35.0820610001874,107,ABQ,"Albuquerque, New Mexico",Albuquerque,NM,35,YES
-118.448206000029,34.2112940000466,108,VNC,"Van Nuys (Amtrak), California",Van Nuys,CA,06,YES
-78.9062990003432,35.9973470001762,109,DNC,"Durham, North Carolina",Durham,NC,37,YES
-90.0591090002163,35.1324579997574,110,MEM,"Memphis, Tennessee",Memphis,TN,47,YES
-122.198146999806,37.7524989997045,111,OAC,"Coliseum/Oakland Airport, Oakland, California",Oakland - Coliseum Airport,CA,06,YES
-81.7238929999643,30.365600999981,112,JAX,"Jacksonville, Florida",Jacksonville,FL,12,YES
-119.812122999811,39.5285209997734,113,RNO,"Reno, Nevada",Reno,NV,32,YES
-75.2903989999785,40.0082779997903,114,ARD,"Ardmore, Pennsylvania",Ardmore,PA,42,YES
-76.7309429995715,40.1925689997633,115,MID,"Middletown, Pennsylvania",Middletown,PA,42,YES
-90.6709399995737,40.4612119998152,116,MAC,"Macomb, Illinois",Macomb,IL,17,
-83.2353109996428,42.3071669997036,117,DER,"Dearborn, Michigan",Dearborn,MI,26,YES
-84.4959619997503,42.718730999753,118,LNS,"East Lansing, Michigan",East Lansing,MI,26,YES
-119.299917999647,34.2769290000643,119,VEC,"Ventura, California",Ventura,CA,06,YES
-80.2577590000964,25.8495540003081,120,MIA,"Miami, Florida",Miami,FL,12,YES
-70.9360130003141,43.1393280003212,121,DHM,"Durham, New Hampshire",Durham,NH,33,YES
-122.794058999828,46.9912729998445,122,OLW,"Olympia/Lacey, Washington",Olympia-Lacey,WA,53,YES
-72.376818000023,41.3003900002174,123,OSB,"Old Saybrook, Connecticut",Old Saybrook,CT,09,YES
-79.9980019998268,32.8748659996569,124,CHS,"Charleston, South Carolina",Charleston,SC,45,YES
-118.599416999828,34.2532050003129,125,CWT,"Chatsworth, California",Chatsworth,CA,06,YES
-123.028331000303,44.932331000234,126,SLM,"Salem, Oregon",Salem,OR,41,YES
-118.353766999948,34.1930719996931,127,BUR,"Burbank (Airport), California",Burbank Bob Hope Airport,CA,06,YES
-90.1362759998027,38.9047230001806,128,ALN,"Alton, Illinois",Alton,IL,17,YES
-76.7085640003303,37.2764140000761,129,WBG,"Williamsburg, Virginia",Williamsburg,VA,51,YES
-75.2234339999872,43.1038920002986,130,UCA,"Utica, New York",Utica,NY,36,YES
-88.0787659998212,41.5252400002601,131,JOL,"Joliet, Illinois",Joliet,IL,17,YES
-77.9080290001115,35.7231349998964,132,WLN,"Wilson, North Carolina",Wilson,NC,37,
-77.4572029997195,38.2984130001821,133,FBG,"Fredericksburg, Virginia",Fredericksburg,VA,51,YES
-80.0621840002033,26.7125539996279,134,WPB,"West Palm Beach, Florida",West Palm Beach,FL,12,YES
-81.1482639996574,32.0834120001111,135,SAV,"Savannah, Georgia",Savannah,GA,13,YES
-87.8055620003844,42.0750380000266,136,GLN,"Glenview, Illinois",Glenview,IL,17,YES
-83.5417209998767,41.6383450002607,137,TOL,"Toledo, Ohio",Toledo,OH,39,YES
-90.4067610000972,38.5810669997627,138,KWD,"Kirkwood, Missouri",Kirkwood,MO,29,YES
-73.9428869997793,42.8146059997898,139,SDY,"Schenectady, New York",Schenectady,NY,36,YES
-114.335575000394,48.4134740001916,140,WFH,"Whitefish, Montana",Whitefish,MT,30,
-77.7978549999198,35.9380010001234,141,RMT,"Rocky Mount, North Carolina",Rocky Mount,NC,37,YES
-78.8847880000419,35.054993000315,142,FAY,"Fayetteville, North Carolina",Fayetteville,NC,37,YES
-70.8783610001633,43.1979680003127,143,DOV,"Dover, New Hampshire",Dover,NH,33,YES
-98.4781429997558,29.4193500000756,144,SAS,"San Antonio, Texas",San Antonio,TX,48,YES
-76.5026410003538,40.1089599996867,145,MJY,"Mount Joy, Pennsylvania",Mount Joy,PA,42,YES
-122.511254999597,48.7202629998968,146,BEL,"Bellingham, Washington",Bellingham,WA,53,YES
-83.0723969998503,42.3680970001648,147,DET,"Detroit, Michigan",Detroit,MI,26,YES
-117.415455000355,47.6567200001169,148,SPK,"Spokane, Washington",Spokane,WA,53,YES
-70.6121919996688,43.3208360001244,149,WEM,"Wells, Maine",Wells,ME,23,
-122.099277000298,37.6659969997141,150,HAY,"Hayward, California",Hayward,CA,06,YES
-81.6961720000027,41.5057869996893,151,CLE,"Cleveland, Ohio",Cleveland,OH,39,YES
-75.9221229999615,39.9591799999724,152,PAR,"Parkesburg, Pennsylvania",Parkesburg,PA,42,YES
-90.1909360001013,32.3008079999497,153,JAN,"Jackson, Mississippi",Jackson,MS,28,YES
-88.1454970003591,41.7795139998345,154,NPV,"Naperville, Illinois",Naperville,IL,17,YES
-119.034113999924,34.2159330000471,155,CML,"Camarillo, California (Trains)",Camarillo,CA,06,YES
-107.3232180004,39.5479030000084,156,GSC,"Glenwood Springs, Colorado",Glenwood Springs,CO,08,
-79.7570560000844,34.1991569997407,157,FLO,"Florence, South Carolina",Florence,SC,45,YES
-118.25886799956,34.1237059998591,158,GDL,"Glendale, California",Glendale,CA,06,YES
-73.8823940002874,41.1899030001684,159,CRT,"Croton Harmon, New York",Croton-Harmon,NY,36,YES
-71.0863749996434,42.7732970000705,160,HHL,"Haverhill, Massachusetts",Haverhill,MA,25,YES
-97.5127489997099,35.4654900003272,161,OKC,"Oklahoma City, Oklahoma",Oklahoma City,OK,40,YES
-76.2761949995649,36.8435089998308,162,NFK,"Norfolk, Virginia",Norfolk,VA,51,YES
-70.4491389999591,43.4961909998119,163,SAO,"Saco, Maine",Saco,ME,23,YES
-118.695163000138,34.2702039999938,164,SIM,"Simi Valley, California",Simi Valley,CA,06,YES
-121.936576000042,37.3532190003496,165,SCC,University Station,Santa Clara University,CA,06,YES
-71.8297800000641,41.3810810000355,166,WLY,"Westerly, Rhode Island",Westerly,RI,44,YES
-77.4295119998952,37.5342089998799,167,RVM,"Richmond (Main St), Virginia",Richmond,VA,51,YES
-74.6239760000946,40.3158499999374,168,PJC,"Princeton Junction, New Jersey",Princeton Junction,NJ,34,YES
-86.8066140002852,33.512800999774,169,BHM,"Birmingham, Alabama",Birmingham,AL,01,YES
-80.1700000000293,26.1192559996403,170,FTL,"Fort Lauderdale, Florida",Fort Lauderdale,FL,12,YES
-96.8072349999571,32.7760939998943,171,DAL,"Dallas, Texas",Dallas,TX,48,YES
-122.197858000101,47.975400999863,172,EVR,"Everett, Washington",Everett,WA,53,YES
-91.3685249997082,39.9570629999095,173,QCY,"Quincy, Illinois",Quincy,IL,17,
-111.908349000036,40.7616609999962,174,SLC,"Salt Lake City, Utah",Salt Lake City,UT,49,YES
-122.007496000158,37.5590930002453,175,FMT,"Fremont (Trains, Capitol Buses), California",Fremont,CA,06,YES
-119.332309000309,35.594091999833,176,WAC,"Wasco, California",Wasco,CA,06,
-111.648871000324,35.1973740001013,177,FLG,"Flagstaff, Arizona",Flagstaff,AZ,04,YES
-92.1699060001447,38.5788700003365,178,JEF,"Jefferson City, Missouri",Jefferson City,MO,29,YES
-121.81602399963,38.0177000001836,179,ACA,"Antioch-Pittsburg, California",Antioch-Pittsburg,CA,06,YES
-121.286285999754,38.7500160002162,180,RSV,"Roseville, California",Roseville,CA,06,YES
-85.1878250001213,42.3184530000466,181,BTL,"Battle Creek, Michigan",Battle Creek,MI,26,YES
-85.6724470004158,42.9557880001222,182,GRR,"Grand Rapids, Michigan",Grand Rapids,MI,26,YES
-121.278999999843,37.9570379998852,183,SKT,"Stockton (ACE, 701-704), California",Stockton  - ACE Station,CA,06,YES
-78.8737479998475,42.8784489998228,184,BFX,"Buffalo (Exchange St), New York",Buffalo- Exchange St.,NY,36,YES
-81.4042340000316,28.2938349998717,185,KIS,"Kissimmee, Florida",Kissimmee,FL,12,YES
-76.1632600003979,39.5084469997505,186,ABE,"Aberdeen, Maryland",Aberdeen,MD,24,YES
-88.3760449997895,39.482729999716,187,MAT,"Mattoon, Illinois",Mattoon,IL,17,
-87.6686849998572,41.5624460003309,188,HMW,"Homewood, Illinois",Homewood,IL,17,YES
-73.8100270001997,43.0828100001518,189,SAR,"Saratoga Springs, New York",Saratoga Springs,NY,36,
-89.4668150000359,41.385191000192,190,PCT,"Princeton, Illinois",Princeton,IL,17,
-86.0965529998555,42.791095999878,191,HOM,"Holland, Michigan",Holland,MI,26,YES
-123.102773999825,44.6304639998386,192,ALY,"Albany, Oregon",Albany,OR,41,YES
-121.771951999614,42.2255089996863,193,KFS,"Klamath Falls, Oregon",Klamath Falls,OR,41,
-80.0060970000247,35.9571279997779,194,HPT,"High Point, North Carolina",High Point,NC,37,YES
-81.0404899996642,33.9942970001863,195,CLB,"Columbia, South Carolina",Columbia,SC,45,YES
-108.569928999624,39.0643749997222,196,GJT,"Grand Junction, Colorado",Grand Junction,CO,08,YES
-122.91301600013,46.1422640002603,197,KEL,"Kelso-Longview, Washington",Kelso-Longview,WA,53,YES
-119.522975000025,34.3967799998668,198,CPN,"Carpinteria, California",Carpinteria,CA,06,YES
-97.7569399999228,30.2694490003796,199,AUS,"Austin, Texas",Austin,TX,48,YES
-86.1604230000624,39.7619840002784,200,IND,"Indianapolis, Indiana",Indianapolis,IN,18,YES
-122.38414100007,47.81108100002,201,EDM,"Edmonds, Washington",Edmonds,WA,53,YES
-119.557049999587,36.0985160001363,202,COC,"Corcoran, California",Corcoran,CA,06,
-77.4287939998448,37.2416269996811,203,PTB,"Petersburg, Virginia",Petersburg,VA,51,YES
-122.240253999817,47.4610810001406,204,TUK,"Tukwila, Washington",Tukwila,WA,53,YES
-95.9286500001243,41.2498280002793,205,OMA,"Omaha, Nebraska",Omaha,NE,31,YES
-101.2985569997,48.2360830001704,206,MOT,"Minot, North Dakota",Minot,ND,38,
-83.6517279996638,43.0154249998738,207,FLN,"Flint, Michigan",Flint,MI,26,YES
-120.798008999809,37.5272290003195,208,TRK,"Turlock-Denair, California",Turlock-Denair,CA,06,YES
-79.0318649996161,43.1135479997172,209,NFL,"Niagara Falls, New York, United States",Niagara Falls,NY,36,YES
-94.7283219996294,32.4940319996575,210,LVW,"Longview, Texas",Longview,TX,48,YES
-81.3520090000916,28.5971059996977,211,WPK,"Winter Park, Florida",Winter Park,FL,12,YES
-77.4813040001902,37.7595959997539,212,ASD,"Ashland, Virginia",Ashland,VA,51,YES
-103.620925999573,48.143,213,WTN,"Williston, North Dakota",Williston,ND,38,
-120.074979999888,37.0224710002054,214,MDR,"Madera, California",Madera,CA,06,
-110.966770000231,32.222977000359,215,TUS,"Tucson, Arizona",Tucson,AZ,04,YES
-69.9654940001811,43.9112450000997,216,BRK,Visitor's Center,Brunswick,ME,23,
-94.3779719996242,38.9126230001778,217,LEE,"Lees Summit, Missouri",Lees Summit,MO,29,YES
-83.1470100001507,42.4884390002803,218,ROY,"Royal Oak, Michigan",Royal Oak,MI,26,YES
-91.2472979998016,43.8331549999829,219,LSE,"LaCrosse, Wisconsin",La Crosse,WI,55,YES
-88.5471099998564,39.1170589998887,220,EFG,"Effingham, Illinois",Effingham,IL,17,
-122.953061999876,46.7174699999125,221,CTL,"Centralia, Washington",Centralia,WA,53,
-80.1678840004112,26.0116409998994,222,HOL,"Hollywood, Florida",Hollywood,FL,12,YES
-71.9630930002786,41.3509339997277,223,MYS,"Mystic, Connecticut",Mystic,CT,09,YES
-73.9022629997253,40.9355859997151,224,YNY,"Yonkers, New York",Yonkers,NY,36,YES
-80.1221469999658,26.3170690001715,225,DFB,"Deerfield Beach, Florida",Deerfield Beach,FL,12,YES
-91.4325580001217,38.707283000292,226,HEM,"Hermann, Missouri",Hermann,MO,29,
-79.4345309997979,36.0942249996495,227,BNC,"Burlington, North Carolina",Burlington,NC,37,YES
-89.117920000398,41.54958400012,228,MDT,"Mendota, Illinois",Mendota,IL,17,
-83.19102600009,42.5425550003267,229,TRM,"Troy, MI",Troy,MI,26,YES
-119.087728999934,46.2370120000588,230,PSC,"Pasco, Washington",Pasco,WA,53,YES
-84.3996699998174,42.2481130000062,231,JXN,"Jackson, Michigan",Jackson,MI,26,YES
-81.3524769998967,29.0178490001936,232,DLD,"Deland, Florida",DeLand,FL,12,
-78.9219959999212,40.3296890002493,233,JST,"Johnstown, Pennsylvania",Johnstown,PA,42,YES
-78.4016200002899,40.5144749999404,234,ALT,"Altoona, Pennsylvania",Altoona,PA,42,YES
-81.7348779999071,28.0021459996227,235,WTH,"Winter Haven, Florida",Winter Haven,FL,12,YES
-80.4663230002957,35.6674960000836,236,SAL,"Salisbury, North Carolina",Salisbury,NC,37,YES
-77.4725770001556,38.7500840000733,237,MSS,"Manassas, Virginia",Manassas,VA,51,YES
-96.7853720002016,46.8809819998918,238,FAR,"Fargo, North Dakota",Fargo,ND,38,YES
-71.1438229995797,42.517357999962,239,WOB,"Woburn, Massachusetts",Woburn,MA,25,YES
-121.656745000295,36.6791449997173,240,SNS,"Salinas, California",Salinas,CA,06,YES
-86.2873449999684,41.6783599996849,241,SOB,"South Bend, Indiana",South Bend,IN,18,YES
-85.9718479998499,41.6807480001698,242,EKH,"Elkhart, Indiana",Elkhart,IN,18,YES
-89.1361179995585,38.5275310002424,243,CEN,"Centralia, Illinois",Centralia,IL,17,
-89.3636990001494,40.1478550001937,244,LCN,"Lincoln, Illinois",Lincoln,IL,17,
-86.7457819999612,41.7966560000383,245,NBU,"New Buffalo, MI",New Buffalo,MI,26,
-85.0242979998603,41.431816000098,246,WTI,"Waterloo, Indiana",Waterloo,IN,18,
-82.4438050003599,42.9604190002098,247,PTH,"Port Huron, Michigan",Port Huron,MI,26,YES
-87.8654299997123,41.1192589996637,248,KKI,"Kankakee, Illinois",Kankakee,IL,17,YES
-95.3675259996921,29.7672450001916,249,HOS,"Houston, Texas",Houston,TX,48,YES
-120.629266000123,35.1212599999118,250,GVB,"Grover Beach, California",Grover Beach,CA,06,YES
-73.1102770000433,44.4924659999524,251,ESX,"Essex Junction, Vermont",Essex Junction-Burlington,VT,50,YES
-91.6400729998345,44.0444039997535,252,WIN,"Winona, Minnesota",Winona,MN,27,
-117.224891999672,32.9026839997847,253,SRB,"Sorrento Valley, CA",Sorrento Valley,CA,06,YES
-77.2930269999035,38.5218820000266,254,QAN,"Quantico, Virginia",Quantico,VA,51,YES
-80.624927999961,35.4961720001307,255,KAN,"Kannapolis, North Carolina",Kannapolis,NC,37,YES
-122.334738000103,48.4184700002345,256,MVW,"Mount Vernon, Washington",Mount Vernon,WA,53,YES
-86.8959009996163,40.4193469999642,257,LAF,"Lafayette, Indiana",Lafayette,IN,18,YES
-92.286784999566,34.7502979996763,258,LRK,"Little Rock, Arkansas",Little Rock,AR,05,YES
-72.8006780003138,41.5393850002118,259,MDN,"Meriden, Connecticut",Meriden,CT,09,YES
-118.878059000245,34.284759999848,260,MPK,"Moorpark, California",Moorpark,CA,06,YES
-72.626378999647,42.3188579999679,261,NHT,"Northampton, MA",Northampton,MA,25,YES
-89.9275440002722,41.2457650001478,262,KEE,"Kewanee, Illinois",Kewanee,IL,17,
-72.6261009998126,41.9139560001233,263,WNL,"Windsor Locks, Connecticut",Windsor Locks,CT,09,YES
-86.2523720004311,41.8374119997038,264,NLS,"Niles, Michigan",Niles,MI,26,YES
-104.437885999587,36.9010720003395,265,RAT,"Raton, New Mexico",Raton,NM,35,
-81.4342020000307,27.4966319997452,266,SBG,"Sebring, Florida",Sebring,FL,12,YES
-121.237298999714,38.7910060000105,267,RLN,"Rocklin, California",Rocklin,CA,06,YES
-80.0824440003517,42.1208470002238,268,ERI,"Erie, Pennsylvania",Erie,PA,42,YES
-72.765273999883,41.635595000112,269,BER,"Berlin, Connecticut",Berlin,CT,09,YES
-72.5564970001466,42.8508490003244,270,BRA,"Brattleboro, Vermont",Brattleboro,VT,50,
-93.764894000312,41.0371160002196,271,OSC,"Osceola, Iowa",Osceola,IA,19,
-91.0127170004284,38.5614659996747,272,WAH,"Washington, Missouri",Washington,MO,29,
-121.083187000299,38.9036379999543,273,ARN,"Auburn, California",Auburn,CA,06,
-70.3762250004236,43.5143260001079,274,ORB,"Old Orchard Beach, Maine (Seasonal)",Old Orchard Beach,ME,23,YES
-108.740547999627,35.5291760000324,275,GLP,"Gallup, New Mexico",Gallup,NM,35,
-97.3457919999288,31.0958830002366,276,TPL,"Temple, Texas",Temple,TX,48,YES
-75.8209290004227,39.9856880001636,277,COT,"Coatesville, Pennsylvania",Coatesville,PA,42,YES
-117.61973299999,33.4196449997503,278,SNP,"San Clemente Pier, California",San Clemente Pier,CA,06,YES
-88.6366010003004,40.879651999759,279,PON,"Pontiac, Illinois",Pontiac,IL,17,
-77.9934209995921,38.4723600002217,280,CLP,"Culpeper, Virginia",Culpeper,VA,51,
-120.30655199969,47.4215560001041,281,WEN,"Wenatchee, Washington",Wenatchee,WA,53,YES
-90.1764539997929,33.5171589996537,282,GWD,"Greenwood, Mississippi",Greenwood,MS,28,
-122.595924999727,45.3661459998656,283,ORC,"Oregon City, Oregon",Oregon City,OR,41,YES
-96.7131699999703,40.8158709998381,284,LNK,"Lincoln, Nebraska",Lincoln,NE,31,YES
-120.185386999708,39.3276160000324,285,TRU,"Truckee, California",Truckee,CA,06,
-106.495644000164,31.7573460000104,286,ELP,"El Paso, Texas",El Paso,TX,48,YES
-81.9518739996899,28.0456030003376,287,LKL,"Lakeland, Florida",Lakeland,FL,12,YES
-89.777450999658,43.6265089999066,288,WDL,"Wisconsin Dells, Wisconsin",Wisconsin Dells,WI,55,
-72.98153800027,43.6057559998299,289,RUD,"Rutland, Vermont",Rutland,VT,50,
-89.0126090003525,43.3406110002378,290,CBS,"Columbus, Wisconsin",Columbus,WI,55,
-97.1108349999137,47.9175220001664,291,GFK,"Grand Forks, North Dakota",Grand Forks,ND,38,YES
-79.0632910003556,43.1087360000011,292,NFS,VIA Rail Canada Station,Niagara Falls,ND,38,
-93.7408999999714,38.7627500003147,293,WAR,"Warrensburg, Missouri",Warrensburg,MO,29,
-113.219522999844,48.4423330000628,294,GPK,"East Glacier Park, Montana",East Glacier Park,MT,30,
-97.3448859995574,38.0469760003138,295,NEW,"Newton, Kansas",Newton,KS,20,
-72.317272000012,43.6477850002451,296,WRJ,"White River Jct., Vermont",White River Junction,VT,50,
-79.5468929995776,40.3049860001589,297,GNB,"Greensburg, Pennsylvania",Greensburg,PA,42,YES
-91.5507720002597,40.971178999907,298,MTP,"Mt. Pleasant, Iowa",Mount Pleasant,IA,19,
-73.4462839996572,44.6967280002675,299,PLB,"Plattsburgh, New York",Plattsburgh,NY,36,
-80.0911539997695,26.4540209996052,300,DLB,"Delray Beach, Florida",Delray Beach,FL,12,YES
-121.845861000108,39.7232590000857,301,CIC,"Chico, California",Chico,CA,06,YES
-78.2800989997571,35.5327859999381,302,SSM,"Selma, North Carolina",Selma-Smithfield,NC,37,
-75.7535130003447,39.6696859997909,303,NRK,"Newark, Delaware",Newark,DE,10,YES
-83.2923250001091,42.6327709999164,304,PNT,"Pontiac, Michigan",Pontiac,MI,26,YES
-90.5053310000299,43.9860069997504,305,TOH,"Tomah, Wisconsin",Tomah,WI,55,
-117.369988000246,33.9756699996859,306,RIV,"Riverside, California",Riverside-Downtown,CA,06,YES
-86.4844840000088,42.1090799998377,307,SJM,"St. Joseph, Michigan",St. Joseph-Benton Harbor,MI,26,YES
-83.9823199996608,42.9094950002816,308,DRD,"Durand, Michigan",Durand,MI,26,
-81.6404709996136,29.6497339999725,309,PAK,"Palatka, Florida",Palatka,FL,12,
-120.573409999923,34.9629269996781,310,GUA,"Guadalupe, California",Guadalupe,CA,06,
-79.8290259996138,33.6638820002864,311,KTR,"Kingstree, South Carolina",Kingstree,SC,45,
-90.4621689996851,30.5071799999615,312,HMD,"Hammond, Louisiana",Hammond,LA,22,YES
-92.4149290002108,41.0188150001185,313,OTM,"Ottumwa, Iowa",Ottumwa,IA,19,
-87.8715449998363,41.8156339997247,314,LAG,"La Grange, Illinois",LaGrange Road,IL,17,YES
-120.687859999731,35.6226830000962,315,PRB,"Paso Robles, California",Paso Robles,CA,06,YES
-82.4134859998331,34.8582559998755,316,GRV,"Greenville, South Carolina",Greenville,SC,45,YES
-84.5370610001805,39.1099270001276,317,CIN,"Cincinnati, Ohio",Cincinnati,OH,39,YES
-117.31065899997,34.1041120003479,318,SNB,"San Bernardino (Amtrak Station), California",San Bernardino,CA,06,YES
-109.678352000131,48.5544649999225,319,HAV,"Havre, Montana",Havre,MT,30,
-97.4430129997994,35.2199629999512,320,NOR,"Norman, Oklahoma",Norman,OK,40,YES
-92.49338399976,40.0292199997067,321,LAP,"La Plata, Missouri",La Plata,MO,29,
-78.7580000000302,39.650627999746,322,CUM,"Cumberland, Maryland",Cumberland,MD,24,YES
-94.1490929999231,45.567748000221,323,SCD,"St. Cloud, Minnesota",St. Cloud,MN,27,YES
-70.1023580002895,43.8550349997767,324,FRE,"Freeport, ME",Freeport,ME,23,YES
-105.879968000287,35.4809729996591,325,LMY,"Lamy, New Mexico",Lamy,NM,35,
-122.393370000245,40.5835949998496,326,RDD,"Redding (Amtrak Station), California",Redding,CA,06,YES
-112.047137000142,33.0562840001111,327,MRC,"Maricopa, Arizona",Maricopa,AZ,04,
-87.8097419997419,41.7949119999004,328,SMT,"Summit, Illinois",Summit,IL,17,YES
-77.9610139999347,39.4586609997598,329,MRB,"Martinsburg, West Virginia",Martinsburg,WV,54,YES
-111.856648999803,48.5067479999789,330,SBY,"Shelby, Montana",Shelby,MT,30,
-80.8469009996928,32.6882860000498,331,YEM,"Yemassee, South Carolina",Yemassee,SC,45,
-82.4397349997088,38.41581999988,332,HUN,"Huntington, West Virginia",Huntington,WV,54,YES
-87.5602279999736,33.193165000224,333,TCL,"Tuscaloosa, Alabama",Tuscaloosa,AL,01,YES
-121.781594000241,43.2167839999589,334,CMO,"Chemult, Oregon",Chemult,OR,41,
-74.2194999997182,42.953718999821,335,AMS,"Amsterdam, New York",Amsterdam,NY,36,
-95.6649159999884,39.0514149998126,336,TOP,"Topeka, Kansas",Topeka,KS,20,YES
-88.6965680002609,32.3641659998166,337,MEI,"Meridian, Mississippi",Meridian,MS,28,
-89.8892760000357,39.2792949999171,338,CRV,"Carlinville, Illinois",Carlinville,IL,17,
-81.8821729999395,31.6055889996295,339,JSP,"Jesup, Georgia",Jesup,GA,13,
-73.5805500000988,43.269602999869,340,FED,"Fort Edward-Glens Falls, New York",Fort Edward-Glens Falls,NY,36,YES
-77.2478519998728,38.6589149997593,341,WDB,"Woodbridge, Virginia",Woodbridge,VA,51,YES
-114.052816000369,35.1882789999287,342,KNG,"Kingman, Arizona",Kingman,AZ,04,
-93.2287059996783,38.711604,343,SED,"Sedalia, Missouri",Sedalia,MO,29,
-81.6384939999127,38.3463679997886,344,CHW,"Charleston, West Virginia",Charleston,WV,54,YES
-82.7178659997643,41.4406709997765,345,SKY,"Sandusky, Ohio",Sandusky,OH,39,
-89.2864630000677,31.3269209999307,346,HBG,"Hattiesburg, Mississippi",Hattiesburg,MS,28,YES
-77.5800470003752,40.5883090000839,347,LEW,"Lewistown, Pennsylvania",Lewistown,PA,42,
-83.3061539997662,43.0495199999795,348,LPE,"Lapeer, Michigan",Lapeer,MI,26,
-88.4307069997379,41.089853999842,349,DWT,"Dwight, Illinois",Dwight,IL,17,
-72.8252209997519,41.456969000157,350,WFD,"Wallingford, Connecticut",Wallingford,CT,09,YES
-91.1019510000561,40.8057879997679,351,BRL,"Burlington, Iowa",Burlington,IA,19,
-75.4499600002438,43.1994250003006,352,ROM,"Rome, New York",Rome,NY,36,
-72.6422529996753,41.8520129998729,353,WND,"Windsor, Connecticut",Windsor,CT,09,YES
-105.817387999692,39.9475660000831,354,WIP,"Winter Park/Fraser, Colorado",Fraser-Winter Park,CO,08,
-89.2402539996192,38.0123279998772,355,DQN,"Du Quoin, Illinois",Du Quoin,IL,17,
-121.271887000185,38.1332009999569,356,LOD,"Lodi, California",Lodi,CA,06,YES
-95.23053899956,38.9711660002631,357,LRC,"Lawrence, Kansas",Lawrence,KS,20,YES
-92.5370659997885,44.5662139998461,358,RDW,"Red Wing, Minnesota",Red Wing,MN,27,
-112.190106000329,35.251949999943,359,WMJ,"Williams Junction, Arizona",Williams Junction,AZ,04,
-114.60463499956,34.8399639999778,360,NDL,"Needles, California",Needles,CA,06,
-94.3669950000773,32.551548999693,361,MHL,"Marshall, Texas",Marshall,TX,48,
-94.4297110002157,39.0869170002418,362,IDP,"Independence, Missouri",Independence,MO,29,YES
-120.60500099962,34.6827040001948,363,LPS,"Lompoc-Surf, California",Lompoc-Surf,CA,06,
-120.643965000166,47.6064930001567,364,LWA,"Leavenworth, WA",Leavenworth,WA,53,
-74.4462650003494,40.4965219998836,365,NBK,"New Brunswick, New Jersey",New Brunswick,NJ,34,YES
-73.2538000002488,42.4515579999948,366,PIT,"Pittsfield, Massachusetts",Pittsfield,MA,25,YES
-89.4676269997976,43.5470789999059,367,POG,"Portage, Wisconsin",Portage,WI,55,
-72.6063939998581,44.2557489997165,368,MPR,"Montpelier, Vermont",Montpelier-Berlin,VT,50,
-79.3723009999062,34.4176470002753,369,DIL,"Dillon, South Carolina",Dillon,SC,45,
-117.293204000076,33.0471090000351,370,ENC,"Encinitas, CA",Encinitas,CA,06,YES
-115.750530000435,40.8364829999602,371,ELK,"Elko, Nevada",Elko,NV,32,
-116.545583000313,48.2762340001537,372,SPT,"Sandpoint, Idaho",Sandpoint,ID,16,
-100.873256000184,37.9643650002865,373,GCK,"Garden City, Kansas",Garden City,KS,20,
-77.7310780002495,39.3244520001604,374,HFY,"Harpers Ferry, West Virginia",Harpers Ferry,WV,54,
-80.8922320002574,37.6750369999285,375,HIN,"Hinton, West Virginia",Hinton,WV,54,
-117.35072999983,33.1609890001243,376,CBV,"Carlsbad Village, CA",Carlsbad Village,CA,06,YES
-97.1255099996676,34.172464999671,377,ADM,"Ardmore, Oklahoma",Ardmore,OK,40,
-79.3839679999144,36.5840899998786,378,DAN,"Danville, Virginia",Danville,VA,51,
-79.3903030001464,35.1750689998222,379,SOP,"Southern Pines, North Carolina",Southern Pines,NC,37,
-117.318743000297,33.1092479997826,380,POI,"Carlsbad Poinsettia, CA",Carlsbad Poinsettia,CA,06,YES
-103.543575999689,37.9882490003305,381,LAJ,"La Junta, Colorado",La Junta,CO,08,
-97.9410489996492,29.8765710003473,382,SMC,"San Marcos, Texas",San Marcos,TX,48,YES
-92.0145190002875,30.2265479998639,383,LFT,"Lafayette, Louisiana",Lafayette,LA,22,YES
-117.292956000379,34.5372000000782,384,VRV,"Victorville, California",Victorville,CA,06,YES
-91.3369830004143,40.6225909997472,385,FMD,"Fort Madison, Iowa",Fort Madison,IA,19,
-88.5382720003921,41.6623839998871,386,PLO,"Plano, Illinois",Plano,IL,17,YES
-97.1408959997993,33.6251589998189,387,GLE,"Gainesville, Texas",Gainesville,TX,48,
-120.952912999792,39.0988739997028,388,COX,"Colfax, California",Colfax,CA,06,
-113.979163999793,48.4962179999891,389,WGL,"West Glacier, Montana",West Glacier,MT,30,
-79.0717759996426,38.1476390000183,390,STA,"Staunton, Virginia",Staunton,VA,51,YES
-77.2987899996749,38.7972709999599,391,BCV,"Burke Centre, VA",Burke Centre,VA,51,YES
-94.0430820002689,33.4200669998426,392,TXA,"Texarkana, Arkansas",Texarkana,AR,05,YES
-71.7948119996514,42.2614779997494,393,WOR,"Worcester, Massachusetts",Worcester,MA,25,YES
-94.7953310000016,46.3546010001747,394,SPL,"Staples, Minnesota",Staples,MN,27,
-95.4890999999283,32.6620489997852,395,MIN,"Mineola, Texas",Mineola,TX,48,
-81.9518739996899,28.0456030003376,396,LAK,"Lakeland, Florida",Lakeland,FL,12,YES
-78.0117800002077,40.4836649996833,397,HGD,"Huntingdon, Pennsylvania",Huntingdon,PA,42,
-82.0966849998582,41.3700330002855,398,ELY,"Elyria, Ohio",Elyria,OH,39,YES
-89.7825649998744,30.2783720001093,399,SDL,"Slidell, Louisiana",Slidell,LA,22,YES
-122.270586999689,41.2111269999402,400,DUN,"Dunsmuir (Amtrak Station), California",Dunsmuir,CA,06,
-87.5065109998563,41.6911549998204,401,HMI,"Hammond-Whiting, Indiana",Hammond-Whiting,IN,18,YES
-72.600764999981,42.5854579999907,402,GFD,"Greenfield, MA",Greenfield,MA,25,
-84.5517989996836,41.480318999739,403,BYN,"Bryan, Ohio",Bryan,OH,39,
-104.507981000421,37.1726880000348,404,TRI,"Trinidad, Colorado",Trinidad,CO,08,
-86.8991870000947,40.0447050001349,405,CRF,"Crawfordsville (Amtrak), Indiana",Crawfordsville,IN,18,
-90.4513340004284,31.2444669998051,406,MCB,"McComb, Mississippi",McComb,MS,28,
-105.642735999746,48.0916719999498,407,WPT,"Wolf Point, Montana",Wolf Point,MT,30,
-88.159126,40.3109049999167,408,RTL,"Rantoul, Illinois",Rantoul,IL,17,
-73.4517729997923,44.1872880002704,409,WSP,"Westport, New York",Westport,NY,36,
-77.1459949996368,39.0845470001701,410,RKV,"Rockville, Maryland",Rockville,MD,24,YES
-111.664001000363,40.2259569998431,411,PRO,"Provo, Utah",Provo,UT,49,YES
-97.4077630002527,30.5676669998096,412,TAY,"Taylor, Texas",Taylor,TX,48,
-72.751805999901,44.3350109999579,413,WAB,"Waterbury, Vermont",Waterbury-Stowe,VT,50,
-80.3040039996317,37.7864430001074,414,WSS,"White Sulphur Springs, West Virginia",White Sulphur Springs,WV,54,
-97.4047560003319,31.4433520003185,415,MCG,"McGregor, Texas",McGregor,TX,48,
-81.0929039997501,40.921274999694,416,ALC,"Alliance, Ohio",Alliance,OH,39,
-117.649568999748,34.0616719997046,417,ONA,"Ontario, California",Ontario,CA,06,YES
-102.389378999825,48.3198129997098,418,STN,"Stanley, North Dakota",Stanley,ND,38,
-98.3875340001267,40.584276000058,419,HAS,"Hastings, Nebraska",Hastings,NE,31,
-83.8196939997484,34.2888969997996,420,GNS,"Gainesville, Georgia",Gainesville,GA,13,YES
-79.5928130003212,40.0202819997194,421,COV,"Connellsville, Pennsylvania",Connellsville,PA,42,YES
-122.349935000089,48.2426380000453,422,STW,"Stanwood, WA",Stanwood,WA,53,
-115.548889999749,48.3948419997161,423,LIB,"Libby, Montana",Libby,MT,30,
-103.661512999818,30.357302000043,424,ALP,"Alpine, Texas",Alpine,TX,48,
-95.8459979997025,46.8196920002241,425,DLK,"Detroit Lakes, Minnesota",Detroit Lakes,MN,27,
-100.016960999904,37.7523059999792,426,DDG,"Dodge City, Kansas",Dodge City,KS,20,
-85.8321450000501,33.6491120001369,427,ATN,"Anniston, Alabama",Anniston,AL,01,YES
-105.212778999773,35.5934320000191,428,LSV,"Las Vegas, New Mexico",Las Vegas,NM,35,
-90.3933409997957,36.7539950002304,429,PBF,"Poplar Bluff, Missouri",Poplar Bluff,MO,29,
-106.636188000038,48.1948539999959,430,GGW,"Glasgow, Montana",Glasgow,MT,30,
-79.6992180001608,34.8836630000814,431,HAM,"Hamlet, North Carolina",Hamlet,NC,37,
-97.9315220004467,38.0557120000209,432,HUT,"Hutchinson, Kansas",Hutchinson,KS,20,
-105.935503000096,40.0841879999807,433,GRA,"Granby, Colorado",Granby,CO,08,
-79.3850829996249,40.3174050003341,434,LAB,"Latrobe, Pennsylvania",Latrobe,PA,42,YES
-114.615571,32.7231390000374,435,YUM,"Yuma, Arizona",Yuma,AZ,04,YES
-110.69498100008,35.0216660003137,436,WLO,"Winslow, Arizona",Winslow,AZ,04,
-72.4445970003242,43.1365400001462,437,BLF,"Bellows Falls, Vermont",Bellows Falls,VT,50,
-73.1713369999729,43.6133819996975,438,CNV,"Castleton, VT",Castleton,VT,50,
-97.218459999944,34.7417349996341,439,PVL,"Pauls Valley, Oklahoma",Pauls Valley,OK,40,
-90.4410700000107,31.5829610001117,440,BRH,"Brookhaven, Mississippi",Brookhaven,MS,28,
-98.8613720003198,48.1104680000638,441,DVL,"Devils Lake, North Dakota",Devils Lake,ND,38,
-80.8308119995794,27.251867000214,442,OKE,"Okeechobee, Florida",Okeechobee,FL,12,
-99.9975560000731,48.3698459997133,443,RUG,"Rugby, North Dakota",Rugby,ND,38,
-86.1090409998462,41.9809410000732,444,DOA,"Dowagiac, Michigan",Dowagiac,MI,26,
-117.732210000299,40.9690440000316,445,WNN,"Winnemucca, Nevada",Winnemucca,NV,32,
-86.1116460000841,42.3145190003087,446,BAM,"Bangor, Michigan",Bangor,MI,26,
-94.3616170002703,41.056919999858,447,CRN,"Creston, Iowa",Creston,IA,19,
-97.3823329998113,32.3497429996706,448,CBR,"Cleburne, Texas",Cleburne,TX,48,
-107.87224200028,48.3604770001391,449,MAL,"Malta, Montana",Malta,MT,30,
-90.4152300003889,32.8484770003284,450,YAZ,"Yazoo City, Mississippi",Yazoo City,MS,28,
-81.9369169999037,34.953735999738,451,SPB,"Spartanburg, South Carolina",Spartanburg,SC,45,YES
-88.8887720001851,36.5257040002376,452,FTN,"Fulton, Kentucky",Fulton,KY,21,
-121.468729999949,45.7150200001772,453,BNG,"Bingen-White Salmon, Washington",Bingen-White Salmon,WA,53,
-89.2622639996878,36.1127109996525,454,NBN,"Newbern-Dyersburg, Tennessee",Newbern-Dyersburg,TN,47,
-89.1279329998472,31.6921679999332,455,LAU,"Laurel, Mississippi",Laurel,MS,28,
-86.9053850000593,41.7211029998444,456,MCI,"Michigan City, Indiana",Michigan City,IN,18,YES
-103.802818000298,40.24716900002,457,FMG,"Fort Morgan, Colorado",Fort Morgan,CO,08,
-93.2170370000203,30.2381260001731,458,LCH,"Lake Charles, Louisiana",Lake Charles,LA,22,YES
-119.549266999559,47.3209480001925,459,EPH,"Ephrata, Washington",Ephrata,WA,53,
-81.143634999863,33.3261839997188,460,DNK,"Denmark, South Carolina",Denmark,SC,45,
-80.6251899999018,34.2481569998774,461,CAM,"Camden, South Carolina",Camden,SC,45,
-73.0861909996413,44.8123600000515,462,SAB,"St. Albans, Vermont",St. Albans,VT,50,
-90.9567659997939,36.067660000359,463,WNR,"Walnut Ridge, Arkansas",Walnut Ridge,AR,05,
-94.127367000435,30.0764579999463,464,BMT,"Beaumont, Texas",Beaumont,TX,48,YES
-117.025435000347,34.9048200003163,465,BAR,"Barstow (Amtrak), California",Barstow,CA,06,
-82.8325010004193,34.6911149998953,466,CSN,"Clemson, South Carolina",Clemson,SC,45,YES
-87.5180759997573,41.5154130001591,467,DYE,"Dyer, Indiana",Dyer,IN,18,YES
-78.2404699997629,40.6677049996781,468,TYR,"Tyrone, Pennsylvania",Tyrone,PA,42,
-100.625791999911,40.1976340000782,469,MCK,"McCook, Nebraska",McCook,NE,31,
-116.547913000191,33.897491000338,470,PSN,"Palm Springs (Train), California",Palm Springs,CA,06,
-113.610942000143,48.2755430001391,471,ESM,"Essex, Montana",Essex,MT,30,
-74.9521870001597,40.0716629997955,472,CWH,"Cornwells Heights, Pennsylvania",Cornwells Heights,PA,42,YES
-81.0606939997362,37.8565940002588,473,PRC,"Prince, West Virginia (Beckley)",Prince,WV,54,
-110.165228000136,38.9920390001165,474,GRI,"Green River, Utah",Green River,UT,49,
-112.331584000163,48.6383639999743,475,CUT,"Cut Bank, Montana",Cut Bank,MT,30,
-87.9980550000136,40.7525469997241,476,GLM,"Gilman, Illinois",Gilman,IL,17,
-83.3315420003747,34.5784560002992,477,TCA,"Toccoa, Georgia",Toccoa,GA,13,
-72.3776440000285,43.3683300001435,478,CLA,"Claremont, New Hampshire",Claremont,NH,33,
-89.6802599999247,30.5246059998679,479,PIC,"Picayune, Mississippi",Picayune,MS,28,
-79.8273629997322,37.8145210001461,480,CLF,"Clifton Forge, Virginia",Clifton Forge,VA,51,
-73.4587530002798,44.0422969998044,481,POH,"Port Henry, New York",Port Henry,NY,36,
-82.6396029998358,38.4808749997119,482,AKY,"Ashland, Kentucky",Ashland,KY,21,YES
-83.771074000129,38.6521479998332,483,MAY,"Maysville,  Kentucky",Maysville,KY,21,
-73.38968099999,43.8537880002561,484,FTC,"Ticonderoga, New York",Ticonderoga,NY,36,
-99.3712409998592,40.4359260002838,485,HLD,"Holdrege, Nebraska",Holdrege,NE,31,
-110.853893999717,39.684036000269,486,HER,"Helper, Utah",Helper,UT,49,
-110.296904000408,31.9687580003128,487,BEN,"Benson, Arizona",Benson,AZ,04,
-87.1551209995855,40.9432809999619,488,REN,"Rensselaer, Indiana",Rensselaer,IN,18,
-72.6654589996452,43.922398000195,489,RPH,"Randolph, Vermont",Randolph,VT,50,
-100.902661999768,29.3622020003765,490,DRT,"Del Rio, Texas",Del Rio,TX,48,
-71.4200330000108,42.2759930003002,491,FRA,"Framingham, Massachusetts",Framingham,MA,25,YES
-102.618573999893,38.0896230002548,492,LMR,"Lamar, Colorado",Lamar,CO,08,
-91.8238090001903,30.0084150003178,493,NIB,"New Iberia, Louisiana",New Iberia,LA,22,YES
-73.4032069997013,43.5546939999463,494,WHL,"Whitehall, New York",Whitehall,NY,36,
-92.8140179996611,34.3654839999158,495,MVN,"Malvern, Arkansas",Malvern,AR,05,
-117.750620999894,34.0592240001005,496,POS,"Pomona (Sunset Ltd), California",Pomona,CA,06,YES
-97.3574160002793,35.0120330003105,497,PUR,"Purcell, Oklahoma",Purcell,OK,40,
-93.5922469996561,33.6689129996349,498,HOP,"Hope, AR",Hope,AR,05,
-84.7558139995562,42.2471960002192,499,ALI,"Albion, Michigan",Albion,MI,26,
-113.013151000329,48.5340670002151,500,BRO,"Browning, Montana",Browning,MT,30,
-90.3943469997262,31.8613200002923,501,HAZ,"Hazlehurst, Mississippi",Hazlehurst,MS,28,
-90.8152460001269,29.7466779998301,502,SCH,"Schriever, Louisiana",Schriever,LA,22,YES
-107.75434600016,32.2717699996277,503,DEM,"Deming, New Mexico",Deming,NM,35,
-81.1623660000242,35.2691859996536,504,GAS,"Gastonia, North Carolina",Gastonia,NC,37,YES
-120.966142000298,45.6576690000373,505,WIH,"Wishram, Washington",Wishram,WA,53,
-73.3710929999468,44.9948699997696,506,RSP,"Rouses Point, New York",Rouses Point,NY,36,
-75.155114000086,39.9967799999252,507,PHN,"Philadelphia (North), Pennsylvania",North Philadelphia,PA,42,YES
-72.6023090000368,42.2041560002467,508,HLK,"Holyoke, Massachusetts",Holyoke,MA,25,YES
-93.0532839998035,34.1139189999375,509,ARK,"Arkadelphia, Arkansas",Arkadelphia,AR,05,
-72.3849580004267,43.4799079998995,510,WNM,"Windsor, Vermont",Windsor-Mt. Ascutney,VT,50,
-82.9637509998209,38.721281000063,511,SPM,"South Shore-South Portsmouth, Kentucky",South Portsmouth,KY,21,
-81.3240300003871,38.1807430001409,512,MNG,"Montgomery, West Virginia",Montgomery,WV,54,
-85.1333799999078,39.6459689998402,513,COI,"Connersville, Indiana",Connersville,IN,18,
-108.707025000434,32.3500699999314,514,LDB,"Lordsburg, New Mexico",Lordsburg,NM,35,
-73.4035359995893,44.5240789999634,515,PRK,"Port Kent, New York",Port Kent,NY,36,
-80.6448559998484,37.724277000221,516,ALD,"Alderson, West Virginia",Alderson,WV,54,
-81.0787539997027,37.9569860002717,517,THN,"Thurmond, West Virginia",Thurmond,WV,54,
-102.398746000092,30.1399510001753,518,SND,"Sanderson, Texas",Sanderson,TX,48,
-87.4927469995983,31.0242290002237,519,ATR,"Artmore, Alabama",Artmore,AL,01,
-89.3333379997898,30.3141999997028,520,BAS,"Bay St. Louis, Mississippi",Bay St. Louis,MS,28,YES
-88.885375000277,30.4083870003729,521,BIX,"Biloxi, Mississippi",Biloxi,MS,28,YES
-85.5398849998636,30.7942500002097,522,CIP,"Chipley, Florida",Chipley,FL,12,
-86.5585499999631,30.7642350002956,523,CSV,"Crestview, Florida",Crestview,FL,12,
-104.688499999896,40.4239999998623,524,GRE,"Greeley, Colorado",Greeley,CO,08,YES
-83.4132180001049,30.4598779996413,525,MDO,"Madison, Florida",Madison,FL,12,
-88.0475080002095,30.7081079996338,526,MOE,"Mobile, Alabama",Mobile,AL,01,YES
-87.2050380002868,30.4177490003844,527,PNS,"Pensacola, Florida",Pensacola,FL,12,YES
-84.289348000386,30.4326110002323,528,TLH,"Tallahassee, Florida",Tallahassee,FL,12,YES
-90.6243253361125,37.5922960074211,529,ACD,"Arcadia, Missouri",Arcadia,MO,29, 
